indice_tiempo,medio_de_transporte,pais_destino,turistas_residentes
2016-01,Aérea,Bolivia,4206.6
2016-01,Aérea,Brasil,105255.5
2016-01,Aérea,Chile,27596.7
2016-01,Aérea,Paraguay,3097.2
2016-01,Aérea,Uruguay,15872.2
2016-01,Aérea,EE.UU. y Canadá,54300.1
2016-01,Aérea,Resto de América,77403.4
2016-01,Aérea,Europa,31531.4
2016-01,Aérea,Resto del mundo,12736
2016-01,Terrestre,Bolivia,50456.4
2016-01,Terrestre,Brasil,359916.4
2016-01,Terrestre,Chile,335435.5
2016-01,Terrestre,Paraguay,128491.4
2016-01,Terrestre,Uruguay,168571.2
2016-01,Terrestre,EE.UU. y Canadá,279.2
2016-01,Terrestre,Resto de América,3666.6
2016-01,Terrestre,Europa,520.2
2016-01,Terrestre,Resto del mundo,234
2016-01,Fluvial/Marítima,Bolivia,6496
2016-01,Fluvial/Marítima,Brasil,28413.2
2016-01,Fluvial/Marítima,Chile,11519.4
2016-01,Fluvial/Marítima,Paraguay,9920.3
2016-01,Fluvial/Marítima,Uruguay,102277.6
2016-01,Fluvial/Marítima,EE.UU. y Canadá,1210
2016-01,Fluvial/Marítima,Resto de América,334.1
2016-01,Fluvial/Marítima,Europa,733
2016-01,Fluvial/Marítima,Resto del mundo,84.8
2016-02,Aérea,Bolivia,6291.9
2016-02,Aérea,Brasil,101113.6
2016-02,Aérea,Chile,28971.2
2016-02,Aérea,Paraguay,2608.4
2016-02,Aérea,Uruguay,12398.4
2016-02,Aérea,EE.UU. y Canadá,61133.9
2016-02,Aérea,Resto de América,86252.3
2016-02,Aérea,Europa,44764.1
2016-02,Aérea,Resto del mundo,15560.4
2016-02,Terrestre,Bolivia,63329.7
2016-02,Terrestre,Brasil,327470.7
2016-02,Terrestre,Chile,313945.8
2016-02,Terrestre,Paraguay,97491.8
2016-02,Terrestre,Uruguay,177215.2
2016-02,Terrestre,EE.UU. y Canadá,230.3
2016-02,Terrestre,Resto de América,3023.9
2016-02,Terrestre,Europa,429
2016-02,Terrestre,Resto del mundo,193
2016-02,Fluvial/Marítima,Bolivia,4774
2016-02,Fluvial/Marítima,Brasil,28483.9
2016-02,Fluvial/Marítima,Chile,12530.4
2016-02,Fluvial/Marítima,Paraguay,9692.6
2016-02,Fluvial/Marítima,Uruguay,100631.6
2016-02,Fluvial/Marítima,EE.UU. y Canadá,718
2016-02,Fluvial/Marítima,Resto de América,1080.3
2016-02,Fluvial/Marítima,Europa,369.1
2016-02,Fluvial/Marítima,Resto del mundo,116.5
2016-03,Aérea,Bolivia,4228.9
2016-03,Aérea,Brasil,98508.2
2016-03,Aérea,Chile,25864.6
2016-03,Aérea,Paraguay,2329.2
2016-03,Aérea,Uruguay,6995.7
2016-03,Aérea,EE.UU. y Canadá,71040
2016-03,Aérea,Resto de América,70331.5
2016-03,Aérea,Europa,45269.1
2016-03,Aérea,Resto del mundo,15909.9
2016-03,Terrestre,Bolivia,34113.4
2016-03,Terrestre,Brasil,136165
2016-03,Terrestre,Chile,193075.9
2016-03,Terrestre,Paraguay,68557.6
2016-03,Terrestre,Uruguay,90377
2016-03,Terrestre,EE.UU. y Canadá,230.5
2016-03,Terrestre,Resto de América,3027.1
2016-03,Terrestre,Europa,429.5
2016-03,Terrestre,Resto del mundo,193.2
2016-03,Fluvial/Marítima,Bolivia,6323
2016-03,Fluvial/Marítima,Brasil,11479.7
2016-03,Fluvial/Marítima,Chile,4854
2016-03,Fluvial/Marítima,Paraguay,7566.2
2016-03,Fluvial/Marítima,Uruguay,63288.7
2016-03,Fluvial/Marítima,EE.UU. y Canadá,95
2016-03,Fluvial/Marítima,Resto de América,184.3
2016-03,Fluvial/Marítima,Europa,50.9
2016-03,Fluvial/Marítima,Resto del mundo,16.1
2016-04,Aérea,Bolivia,3202.3
2016-04,Aérea,Brasil,66582.2
2016-04,Aérea,Chile,22702.1
2016-04,Aérea,Paraguay,2851.8
2016-04,Aérea,Uruguay,5045.3
2016-04,Aérea,EE.UU. y Canadá,64893.8
2016-04,Aérea,Resto de América,68378.6
2016-04,Aérea,Europa,44043.4
2016-04,Aérea,Resto del mundo,14871.5
2016-04,Terrestre,Bolivia,28300.6
2016-04,Terrestre,Brasil,53143.7
2016-04,Terrestre,Chile,113887
2016-04,Terrestre,Paraguay,66681.9
2016-04,Terrestre,Uruguay,27907.3
2016-04,Terrestre,EE.UU. y Canadá,97.3
2016-04,Terrestre,Resto de América,1277.3
2016-04,Terrestre,Europa,181.2
2016-04,Terrestre,Resto del mundo,81.5
2016-04,Fluvial/Marítima,Bolivia,5602
2016-04,Fluvial/Marítima,Brasil,4626.5
2016-04,Fluvial/Marítima,Chile,136.7
2016-04,Fluvial/Marítima,Paraguay,6473.7
2016-04,Fluvial/Marítima,Uruguay,25137.2
2016-04,Fluvial/Marítima,EE.UU. y Canadá,114.9
2016-04,Fluvial/Marítima,Resto de América,249.4
2016-04,Fluvial/Marítima,Europa,56.6
2016-04,Fluvial/Marítima,Resto del mundo,17.9
2016-05,Aérea,Bolivia,2899
2016-05,Aérea,Brasil,49208.8
2016-05,Aérea,Chile,24858.8
2016-05,Aérea,Paraguay,3485.7
2016-05,Aérea,Uruguay,5516
2016-05,Aérea,EE.UU. y Canadá,77011.9
2016-05,Aérea,Resto de América,67466
2016-05,Aérea,Europa,59305.7
2016-05,Aérea,Resto del mundo,12396.1
2016-05,Terrestre,Bolivia,28363.8
2016-05,Terrestre,Brasil,35099.6
2016-05,Terrestre,Chile,93967.7
2016-05,Terrestre,Paraguay,70291.8
2016-05,Terrestre,Uruguay,25707.2
2016-05,Terrestre,EE.UU. y Canadá,14.2
2016-05,Terrestre,Resto de América,185.9
2016-05,Terrestre,Europa,26.4
2016-05,Terrestre,Resto del mundo,11.9
2016-05,Fluvial/Marítima,Bolivia,7407
2016-05,Fluvial/Marítima,Brasil,6971.6
2016-05,Fluvial/Marítima,Chile,41.6
2016-05,Fluvial/Marítima,Paraguay,8086.6
2016-05,Fluvial/Marítima,Uruguay,26017.8
2016-05,Fluvial/Marítima,EE.UU. y Canadá,140.5
2016-05,Fluvial/Marítima,Resto de América,342.8
2016-05,Fluvial/Marítima,Europa,107.8
2016-05,Fluvial/Marítima,Resto del mundo,14.3
2016-06,Aérea,Bolivia,2363.3
2016-06,Aérea,Brasil,41416.8
2016-06,Aérea,Chile,30063.1
2016-06,Aérea,Paraguay,3467.9
2016-06,Aérea,Uruguay,5570.3
2016-06,Aérea,EE.UU. y Canadá,73990.7
2016-06,Aérea,Resto de América,61438.5
2016-06,Aérea,Europa,78530.4
2016-06,Aérea,Resto del mundo,9357.1
2016-06,Terrestre,Bolivia,28099.5
2016-06,Terrestre,Brasil,39121.1
2016-06,Terrestre,Chile,63002.7
2016-06,Terrestre,Paraguay,74236.8
2016-06,Terrestre,Uruguay,31486.1
2016-06,Terrestre,EE.UU. y Canadá,61.6
2016-06,Terrestre,Resto de América,808.6
2016-06,Terrestre,Europa,114.7
2016-06,Terrestre,Resto del mundo,51.6
2016-06,Fluvial/Marítima,Bolivia,8964
2016-06,Fluvial/Marítima,Brasil,4689.9
2016-06,Fluvial/Marítima,Chile,31.7
2016-06,Fluvial/Marítima,Paraguay,8875.2
2016-06,Fluvial/Marítima,Uruguay,26407.4
2016-06,Fluvial/Marítima,EE.UU. y Canadá,124.3
2016-06,Fluvial/Marítima,Resto de América,336.6
2016-06,Fluvial/Marítima,Europa,158.2
2016-06,Fluvial/Marítima,Resto del mundo,12.7
2016-07,Aérea,Bolivia,3705.1
2016-07,Aérea,Brasil,57133.8
2016-07,Aérea,Chile,44220.7
2016-07,Aérea,Paraguay,3168.2
2016-07,Aérea,Uruguay,4616.4
2016-07,Aérea,EE.UU. y Canadá,65783.1
2016-07,Aérea,Resto de América,66117.1
2016-07,Aérea,Europa,74376
2016-07,Aérea,Resto del mundo,9438.4
2016-07,Terrestre,Bolivia,47167.9
2016-07,Terrestre,Brasil,106314.8
2016-07,Terrestre,Chile,127320.6
2016-07,Terrestre,Paraguay,112766.5
2016-07,Terrestre,Uruguay,53312.1
2016-07,Terrestre,EE.UU. y Canadá,315.7
2016-07,Terrestre,Resto de América,1286
2016-07,Terrestre,Europa,182.5
2016-07,Terrestre,Resto del mundo,82.1
2016-07,Fluvial/Marítima,Bolivia,10536
2016-07,Fluvial/Marítima,Brasil,8397.4
2016-07,Fluvial/Marítima,Chile,67.1
2016-07,Fluvial/Marítima,Paraguay,13564.2
2016-07,Fluvial/Marítima,Uruguay,35164.7
2016-07,Fluvial/Marítima,EE.UU. y Canadá,940.3
2016-07,Fluvial/Marítima,Resto de América,1325
2016-07,Fluvial/Marítima,Europa,878.8
2016-07,Fluvial/Marítima,Resto del mundo,90.6
2016-08,Aérea,Bolivia,3877.6
2016-08,Aérea,Brasil,50646.8
2016-08,Aérea,Chile,36213.3
2016-08,Aérea,Paraguay,3604.3
2016-08,Aérea,Uruguay,5652.8
2016-08,Aérea,EE.UU. y Canadá,76654.1
2016-08,Aérea,Resto de América,62270
2016-08,Aérea,Europa,73186.6
2016-08,Aérea,Resto del mundo,13228.4
2016-08,Terrestre,Bolivia,39846.1
2016-08,Terrestre,Brasil,50475.5
2016-08,Terrestre,Chile,98873.6
2016-08,Terrestre,Paraguay,76798.1
2016-08,Terrestre,Uruguay,35778.6
2016-08,Terrestre,EE.UU. y Canadá,160.5
2016-08,Terrestre,Resto de América,851.5
2016-08,Terrestre,Europa,120.8
2016-08,Terrestre,Resto del mundo,54.3
2016-08,Fluvial/Marítima,Bolivia,7621
2016-08,Fluvial/Marítima,Brasil,4950.9
2016-08,Fluvial/Marítima,Chile,42.9
2016-08,Fluvial/Marítima,Paraguay,8830.8
2016-08,Fluvial/Marítima,Uruguay,27354.9
2016-08,Fluvial/Marítima,EE.UU. y Canadá,465.1
2016-08,Fluvial/Marítima,Resto de América,753.6
2016-08,Fluvial/Marítima,Europa,563.1
2016-08,Fluvial/Marítima,Resto del mundo,43.6
2016-09,Aérea,Bolivia,3508.3
2016-09,Aérea,Brasil,48683.5
2016-09,Aérea,Chile,36124.1
2016-09,Aérea,Paraguay,3065
2016-09,Aérea,Uruguay,5946.4
2016-09,Aérea,EE.UU. y Canadá,73063.1
2016-09,Aérea,Resto de América,57872.4
2016-09,Aérea,Europa,72360.4
2016-09,Aérea,Resto del mundo,11775.8
2016-09,Terrestre,Bolivia,34528.7
2016-09,Terrestre,Brasil,59204.5
2016-09,Terrestre,Chile,112551.2
2016-09,Terrestre,Paraguay,63970.4
2016-09,Terrestre,Uruguay,36017.3
2016-09,Terrestre,EE.UU. y Canadá,313.1
2016-09,Terrestre,Resto de América,2622.9
2016-09,Terrestre,Europa,372.1
2016-09,Terrestre,Resto del mundo,167.4
2016-09,Fluvial/Marítima,Bolivia,7584
2016-09,Fluvial/Marítima,Brasil,4563.9
2016-09,Fluvial/Marítima,Chile,49.1
2016-09,Fluvial/Marítima,Paraguay,8795.3
2016-09,Fluvial/Marítima,Uruguay,30726.8
2016-09,Fluvial/Marítima,EE.UU. y Canadá,301.4
2016-09,Fluvial/Marítima,Resto de América,418.5
2016-09,Fluvial/Marítima,Europa,328.3
2016-09,Fluvial/Marítima,Resto del mundo,24.2
2016-10,Aérea,Bolivia,3050.4
2016-10,Aérea,Brasil,67638.2
2016-10,Aérea,Chile,45379
2016-10,Aérea,Paraguay,4081.7
2016-10,Aérea,Uruguay,7047.1
2016-10,Aérea,EE.UU. y Canadá,80992.2
2016-10,Aérea,Resto de América,59598.2
2016-10,Aérea,Europa,78379.3
2016-10,Aérea,Resto del mundo,10665
2016-10,Terrestre,Bolivia,29937.1
2016-10,Terrestre,Brasil,62495.3
2016-10,Terrestre,Chile,160443.1
2016-10,Terrestre,Paraguay,81566
2016-10,Terrestre,Uruguay,51171.3
2016-10,Terrestre,EE.UU. y Canadá,75.3
2016-10,Terrestre,Resto de América,989
2016-10,Terrestre,Europa,140.3
2016-10,Terrestre,Resto del mundo,63.1
2016-10,Fluvial/Marítima,Bolivia,5852
2016-10,Fluvial/Marítima,Brasil,5296.1
2016-10,Fluvial/Marítima,Chile,36.1
2016-10,Fluvial/Marítima,Paraguay,10650.1
2016-10,Fluvial/Marítima,Uruguay,43765
2016-10,Fluvial/Marítima,EE.UU. y Canadá,268.8
2016-10,Fluvial/Marítima,Resto de América,383.1
2016-10,Fluvial/Marítima,Europa,282.2
2016-10,Fluvial/Marítima,Resto del mundo,21.6
2016-11,Aérea,Bolivia,2987.7
2016-11,Aérea,Brasil,61046.9
2016-11,Aérea,Chile,43471.3
2016-11,Aérea,Paraguay,4009.8
2016-11,Aérea,Uruguay,8080.8
2016-11,Aérea,EE.UU. y Canadá,58241.8
2016-11,Aérea,Resto de América,60413.2
2016-11,Aérea,Europa,46765
2016-11,Aérea,Resto del mundo,11226.3
2016-11,Terrestre,Bolivia,27246.7
2016-11,Terrestre,Brasil,50365
2016-11,Terrestre,Chile,148819.9
2016-11,Terrestre,Paraguay,72382.5
2016-11,Terrestre,Uruguay,54640.5
2016-11,Terrestre,EE.UU. y Canadá,63.1
2016-11,Terrestre,Resto de América,828.9
2016-11,Terrestre,Europa,117.6
2016-11,Terrestre,Resto del mundo,52.9
2016-11,Fluvial/Marítima,Bolivia,5699
2016-11,Fluvial/Marítima,Brasil,4991.4
2016-11,Fluvial/Marítima,Chile,780.9
2016-11,Fluvial/Marítima,Paraguay,9907.1
2016-11,Fluvial/Marítima,Uruguay,48930.9
2016-11,Fluvial/Marítima,EE.UU. y Canadá,110.1
2016-11,Fluvial/Marítima,Resto de América,155.9
2016-11,Fluvial/Marítima,Europa,115.7
2016-11,Fluvial/Marítima,Resto del mundo,8.8
2016-12,Aérea,Bolivia,2780.3
2016-12,Aérea,Brasil,64474.2
2016-12,Aérea,Chile,41964.1
2016-12,Aérea,Paraguay,3482.8
2016-12,Aérea,Uruguay,9686.9
2016-12,Aérea,EE.UU. y Canadá,57732.2
2016-12,Aérea,Resto de América,59198.3
2016-12,Aérea,Europa,33112.8
2016-12,Aérea,Resto del mundo,11370.4
2016-12,Terrestre,Bolivia,38890.1
2016-12,Terrestre,Brasil,69095.6
2016-12,Terrestre,Chile,190928.1
2016-12,Terrestre,Paraguay,86852.1
2016-12,Terrestre,Uruguay,75267.2
2016-12,Terrestre,EE.UU. y Canadá,234.5
2016-12,Terrestre,Resto de América,3079.1
2016-12,Terrestre,Europa,436.9
2016-12,Terrestre,Resto del mundo,196.5
2016-12,Fluvial/Marítima,Bolivia,8449
2016-12,Fluvial/Marítima,Brasil,15208.1
2016-12,Fluvial/Marítima,Chile,8777.9
2016-12,Fluvial/Marítima,Paraguay,14266.8
2016-12,Fluvial/Marítima,Uruguay,58994.3
2016-12,Fluvial/Marítima,EE.UU. y Canadá,560.2
2016-12,Fluvial/Marítima,Resto de América,1251.3
2016-12,Fluvial/Marítima,Europa,588.3
2016-12,Fluvial/Marítima,Resto del mundo,45
2017-01,Aérea,Bolivia,5532.6
2017-01,Aérea,Brasil,114893
2017-01,Aérea,Chile,44678.9
2017-01,Aérea,Paraguay,3225.5
2017-01,Aérea,Uruguay,19679.5
2017-01,Aérea,EE.UU. y Canadá,68435.3
2017-01,Aérea,Resto de América,84606.9
2017-01,Aérea,Europa,35255.6
2017-01,Aérea,Resto del mundo,16260.3
2017-01,Terrestre,Bolivia,56721.5
2017-01,Terrestre,Brasil,369322.7
2017-01,Terrestre,Chile,489167.4
2017-01,Terrestre,Paraguay,182468.4
2017-01,Terrestre,Uruguay,214687.6
2017-01,Terrestre,EE.UU. y Canadá,457.9
2017-01,Terrestre,Resto de América,6012.6
2017-01,Terrestre,Europa,853.1
2017-01,Terrestre,Resto del mundo,383.7
2017-01,Fluvial/Marítima,Bolivia,6877
2017-01,Fluvial/Marítima,Brasil,28730
2017-01,Fluvial/Marítima,Chile,11814.8
2017-01,Fluvial/Marítima,Paraguay,19337.9
2017-01,Fluvial/Marítima,Uruguay,123314.6
2017-01,Fluvial/Marítima,EE.UU. y Canadá,757.6
2017-01,Fluvial/Marítima,Resto de América,2166.3
2017-01,Fluvial/Marítima,Europa,1070.8
2017-01,Fluvial/Marítima,Resto del mundo,73.7
2017-02,Aérea,Bolivia,5224.4
2017-02,Aérea,Brasil,118396.2
2017-02,Aérea,Chile,46811.1
2017-02,Aérea,Paraguay,4145.9
2017-02,Aérea,Uruguay,13835.9
2017-02,Aérea,EE.UU. y Canadá,70442.8
2017-02,Aérea,Resto de América,101852.4
2017-02,Aérea,Europa,45694.7
2017-02,Aérea,Resto del mundo,17531.9
2017-02,Terrestre,Bolivia,50162.2
2017-02,Terrestre,Brasil,351459.9
2017-02,Terrestre,Chile,377833.9
2017-02,Terrestre,Paraguay,148219.1
2017-02,Terrestre,Uruguay,211305.2
2017-02,Terrestre,EE.UU. y Canadá,297.3
2017-02,Terrestre,Resto de América,3904
2017-02,Terrestre,Europa,553.9
2017-02,Terrestre,Resto del mundo,249.1
2017-02,Fluvial/Marítima,Bolivia,5829
2017-02,Fluvial/Marítima,Brasil,26731.3
2017-02,Fluvial/Marítima,Chile,10869.5
2017-02,Fluvial/Marítima,Paraguay,14312.8
2017-02,Fluvial/Marítima,Uruguay,103567.6
2017-02,Fluvial/Marítima,EE.UU. y Canadá,1432.9
2017-02,Fluvial/Marítima,Resto de América,5646.9
2017-02,Fluvial/Marítima,Europa,2017.4
2017-02,Fluvial/Marítima,Resto del mundo,335.8
2017-03,Aérea,Bolivia,4720.1
2017-03,Aérea,Brasil,111888.6
2017-03,Aérea,Chile,45398.5
2017-03,Aérea,Paraguay,3508.2
2017-03,Aérea,Uruguay,7209.5
2017-03,Aérea,EE.UU. y Canadá,78472.8
2017-03,Aérea,Resto de América,91701.1
2017-03,Aérea,Europa,43880.7
2017-03,Aérea,Resto del mundo,23206.5
2017-03,Terrestre,Bolivia,47707
2017-03,Terrestre,Brasil,148399.1
2017-03,Terrestre,Chile,211199.4
2017-03,Terrestre,Paraguay,91591.4
2017-03,Terrestre,Uruguay,95773.9
2017-03,Terrestre,EE.UU. y Canadá,259.1
2017-03,Terrestre,Resto de América,3402.6
2017-03,Terrestre,Europa,482.8
2017-03,Terrestre,Resto del mundo,217.1
2017-03,Fluvial/Marítima,Bolivia,8760
2017-03,Fluvial/Marítima,Brasil,11596.8
2017-03,Fluvial/Marítima,Chile,6140.9
2017-03,Fluvial/Marítima,Paraguay,11325.2
2017-03,Fluvial/Marítima,Uruguay,76573
2017-03,Fluvial/Marítima,EE.UU. y Canadá,110.6
2017-03,Fluvial/Marítima,Resto de América,425.3
2017-03,Fluvial/Marítima,Europa,153.3
2017-03,Fluvial/Marítima,Resto del mundo,28.7
2017-04,Aérea,Bolivia,3549
2017-04,Aérea,Brasil,86759
2017-04,Aérea,Chile,42813.4
2017-04,Aérea,Paraguay,3379.5
2017-04,Aérea,Uruguay,5502
2017-04,Aérea,EE.UU. y Canadá,68158.4
2017-04,Aérea,Resto de América,86538.6
2017-04,Aérea,Europa,42606.8
2017-04,Aérea,Resto del mundo,19848.7
2017-04,Terrestre,Bolivia,29628.8
2017-04,Terrestre,Brasil,80957.2
2017-04,Terrestre,Chile,158011
2017-04,Terrestre,Paraguay,114753.4
2017-04,Terrestre,Uruguay,76038.5
2017-04,Terrestre,EE.UU. y Canadá,150
2017-04,Terrestre,Resto de América,1969.2
2017-04,Terrestre,Europa,279.4
2017-04,Terrestre,Resto del mundo,125.7
2017-04,Fluvial/Marítima,Bolivia,9077
2017-04,Fluvial/Marítima,Brasil,5581.3
2017-04,Fluvial/Marítima,Chile,217.9
2017-04,Fluvial/Marítima,Paraguay,9655.7
2017-04,Fluvial/Marítima,Uruguay,49729
2017-04,Fluvial/Marítima,EE.UU. y Canadá,202.6
2017-04,Fluvial/Marítima,Resto de América,751.7
2017-04,Fluvial/Marítima,Europa,269.2
2017-04,Fluvial/Marítima,Resto del mundo,50.3
2017-05,Aérea,Bolivia,3596.8
2017-05,Aérea,Brasil,64683.4
2017-05,Aérea,Chile,44341.8
2017-05,Aérea,Paraguay,3757.5
2017-05,Aérea,Uruguay,5131.9
2017-05,Aérea,EE.UU. y Canadá,69937.7
2017-05,Aérea,Resto de América,96019.2
2017-05,Aérea,Europa,55182.2
2017-05,Aérea,Resto del mundo,28170.1
2017-05,Terrestre,Bolivia,27160.8
2017-05,Terrestre,Brasil,47077.8
2017-05,Terrestre,Chile,107287.1
2017-05,Terrestre,Paraguay,97363.4
2017-05,Terrestre,Uruguay,43956
2017-05,Terrestre,EE.UU. y Canadá,18.4
2017-05,Terrestre,Resto de América,241.8
2017-05,Terrestre,Europa,34.3
2017-05,Terrestre,Resto del mundo,15.4
2017-05,Fluvial/Marítima,Bolivia,8695
2017-05,Fluvial/Marítima,Brasil,4234
2017-05,Fluvial/Marítima,Chile,31.2
2017-05,Fluvial/Marítima,Paraguay,9960.8
2017-05,Fluvial/Marítima,Uruguay,38585.6
2017-05,Fluvial/Marítima,EE.UU. y Canadá,115.4
2017-05,Fluvial/Marítima,Resto de América,418.8
2017-05,Fluvial/Marítima,Europa,135.3
2017-05,Fluvial/Marítima,Resto del mundo,27.9
2017-06,Aérea,Bolivia,3079
2017-06,Aérea,Brasil,47711.4
2017-06,Aérea,Chile,36152.7
2017-06,Aérea,Paraguay,3618.1
2017-06,Aérea,Uruguay,4337.8
2017-06,Aérea,EE.UU. y Canadá,71781.8
2017-06,Aérea,Resto de América,78299.1
2017-06,Aérea,Europa,82112.7
2017-06,Aérea,Resto del mundo,17885.4
2017-06,Terrestre,Bolivia,26478.3
2017-06,Terrestre,Brasil,41833.8
2017-06,Terrestre,Chile,59314.5
2017-06,Terrestre,Paraguay,89691.6
2017-06,Terrestre,Uruguay,29844
2017-06,Terrestre,EE.UU. y Canadá,113.3
2017-06,Terrestre,Resto de América,1488.3
2017-06,Terrestre,Europa,211.2
2017-06,Terrestre,Resto del mundo,95
2017-06,Fluvial/Marítima,Bolivia,6983
2017-06,Fluvial/Marítima,Brasil,2947.7
2017-06,Fluvial/Marítima,Chile,16.6
2017-06,Fluvial/Marítima,Paraguay,12930.1
2017-06,Fluvial/Marítima,Uruguay,24578.1
2017-06,Fluvial/Marítima,EE.UU. y Canadá,251.3
2017-06,Fluvial/Marítima,Resto de América,928.8
2017-06,Fluvial/Marítima,Europa,247.5
2017-06,Fluvial/Marítima,Resto del mundo,59.9
2017-07,Aérea,Bolivia,4600.5
2017-07,Aérea,Brasil,64987.6
2017-07,Aérea,Chile,57621.5
2017-07,Aérea,Paraguay,5698.8
2017-07,Aérea,Uruguay,3350
2017-07,Aérea,EE.UU. y Canadá,77220.8
2017-07,Aérea,Resto de América,82890
2017-07,Aérea,Europa,85692.1
2017-07,Aérea,Resto del mundo,13829.7
2017-07,Terrestre,Bolivia,47436.4
2017-07,Terrestre,Brasil,113897.1
2017-07,Terrestre,Chile,127413.4
2017-07,Terrestre,Paraguay,159698.2
2017-07,Terrestre,Uruguay,65742.1
2017-07,Terrestre,EE.UU. y Canadá,362
2017-07,Terrestre,Resto de América,1656.5
2017-07,Terrestre,Europa,235
2017-07,Terrestre,Resto del mundo,105.7
2017-07,Fluvial/Marítima,Bolivia,13418
2017-07,Fluvial/Marítima,Brasil,8137.2
2017-07,Fluvial/Marítima,Chile,19.8
2017-07,Fluvial/Marítima,Paraguay,20746.6
2017-07,Fluvial/Marítima,Uruguay,45191.4
2017-07,Fluvial/Marítima,EE.UU. y Canadá,556.4
2017-07,Fluvial/Marítima,Resto de América,3113.1
2017-07,Fluvial/Marítima,Europa,507.2
2017-07,Fluvial/Marítima,Resto del mundo,151.2
2017-08,Aérea,Bolivia,4522.8
2017-08,Aérea,Brasil,59660
2017-08,Aérea,Chile,47215
2017-08,Aérea,Paraguay,4723
2017-08,Aérea,Uruguay,4095.9
2017-08,Aérea,EE.UU. y Canadá,85723.7
2017-08,Aérea,Resto de América,79388.3
2017-08,Aérea,Europa,82038.7
2017-08,Aérea,Resto del mundo,13127.5
2017-08,Terrestre,Bolivia,38283.6
2017-08,Terrestre,Brasil,56837.3
2017-08,Terrestre,Chile,97148.3
2017-08,Terrestre,Paraguay,102300.4
2017-08,Terrestre,Uruguay,44326.7
2017-08,Terrestre,EE.UU. y Canadá,173.4
2017-08,Terrestre,Resto de América,783.3
2017-08,Terrestre,Europa,111.1
2017-08,Terrestre,Resto del mundo,50
2017-08,Fluvial/Marítima,Bolivia,12140
2017-08,Fluvial/Marítima,Brasil,5654.8
2017-08,Fluvial/Marítima,Chile,20.2
2017-08,Fluvial/Marítima,Paraguay,12350.1
2017-08,Fluvial/Marítima,Uruguay,32026.1
2017-08,Fluvial/Marítima,EE.UU. y Canadá,575.6
2017-08,Fluvial/Marítima,Resto de América,2796.9
2017-08,Fluvial/Marítima,Europa,626.9
2017-08,Fluvial/Marítima,Resto del mundo,136.1
2017-09,Aérea,Bolivia,4141.2
2017-09,Aérea,Brasil,68897.6
2017-09,Aérea,Chile,39204.3
2017-09,Aérea,Paraguay,4255
2017-09,Aérea,Uruguay,6113.4
2017-09,Aérea,EE.UU. y Canadá,75284.9
2017-09,Aérea,Resto de América,69180.8
2017-09,Aérea,Europa,86034.4
2017-09,Aérea,Resto del mundo,15011.4
2017-09,Terrestre,Bolivia,36066.4
2017-09,Terrestre,Brasil,60241.2
2017-09,Terrestre,Chile,113792.2
2017-09,Terrestre,Paraguay,86589.4
2017-09,Terrestre,Uruguay,40543.6
2017-09,Terrestre,EE.UU. y Canadá,318.1
2017-09,Terrestre,Resto de América,2562.3
2017-09,Terrestre,Europa,363.5
2017-09,Terrestre,Resto del mundo,163.5
2017-09,Fluvial/Marítima,Bolivia,11836
2017-09,Fluvial/Marítima,Brasil,4500.3
2017-09,Fluvial/Marítima,Chile,6.9
2017-09,Fluvial/Marítima,Paraguay,12161.5
2017-09,Fluvial/Marítima,Uruguay,38011.6
2017-09,Fluvial/Marítima,EE.UU. y Canadá,90.5
2017-09,Fluvial/Marítima,Resto de América,533.9
2017-09,Fluvial/Marítima,Europa,113.3
2017-09,Fluvial/Marítima,Resto del mundo,25.9
2017-10,Aérea,Bolivia,3845.6
2017-10,Aérea,Brasil,77299.6
2017-10,Aérea,Chile,51154.8
2017-10,Aérea,Paraguay,5557.3
2017-10,Aérea,Uruguay,7117.3
2017-10,Aérea,EE.UU. y Canadá,86289.8
2017-10,Aérea,Resto de América,66885.1
2017-10,Aérea,Europa,83712.2
2017-10,Aérea,Resto del mundo,20172.3
2017-10,Terrestre,Bolivia,33312.7
2017-10,Terrestre,Brasil,62645.4
2017-10,Terrestre,Chile,145569.2
2017-10,Terrestre,Paraguay,96631.9
2017-10,Terrestre,Uruguay,52835.2
2017-10,Terrestre,EE.UU. y Canadá,65.9
2017-10,Terrestre,Resto de América,865.9
2017-10,Terrestre,Europa,122.9
2017-10,Terrestre,Resto del mundo,55.3
2017-10,Fluvial/Marítima,Bolivia,11192
2017-10,Fluvial/Marítima,Brasil,5575.3
2017-10,Fluvial/Marítima,Chile,42.6
2017-10,Fluvial/Marítima,Paraguay,12820.7
2017-10,Fluvial/Marítima,Uruguay,49164.9
2017-10,Fluvial/Marítima,EE.UU. y Canadá,291.6
2017-10,Fluvial/Marítima,Resto de América,1491.3
2017-10,Fluvial/Marítima,Europa,311.7
2017-10,Fluvial/Marítima,Resto del mundo,69.5
2017-11,Aérea,Bolivia,3260.2
2017-11,Aérea,Brasil,77079
2017-11,Aérea,Chile,49449.8
2017-11,Aérea,Paraguay,4714.9
2017-11,Aérea,Uruguay,8808.2
2017-11,Aérea,EE.UU. y Canadá,66301.6
2017-11,Aérea,Resto de América,63537.7
2017-11,Aérea,Europa,55360.1
2017-11,Aérea,Resto del mundo,16393.6
2017-11,Terrestre,Bolivia,29333.4
2017-11,Terrestre,Brasil,64055.4
2017-11,Terrestre,Chile,136134.7
2017-11,Terrestre,Paraguay,90872.4
2017-11,Terrestre,Uruguay,58496
2017-11,Terrestre,EE.UU. y Canadá,54
2017-11,Terrestre,Resto de América,709
2017-11,Terrestre,Europa,100.6
2017-11,Terrestre,Resto del mundo,45.2
2017-11,Fluvial/Marítima,Bolivia,9922
2017-11,Fluvial/Marítima,Brasil,6011.6
2017-11,Fluvial/Marítima,Chile,842.9
2017-11,Fluvial/Marítima,Paraguay,11974.4
2017-11,Fluvial/Marítima,Uruguay,57249.6
2017-11,Fluvial/Marítima,EE.UU. y Canadá,251.5
2017-11,Fluvial/Marítima,Resto de América,1349.1
2017-11,Fluvial/Marítima,Europa,359
2017-11,Fluvial/Marítima,Resto del mundo,60
2017-12,Aérea,Bolivia,2586.7
2017-12,Aérea,Brasil,88676.5
2017-12,Aérea,Chile,43514.6
2017-12,Aérea,Paraguay,4279.6
2017-12,Aérea,Uruguay,9910.7
2017-12,Aérea,EE.UU. y Canadá,60746
2017-12,Aérea,Resto de América,67727.3
2017-12,Aérea,Europa,34239.7
2017-12,Aérea,Resto del mundo,11496.8
2017-12,Terrestre,Bolivia,38364.3
2017-12,Terrestre,Brasil,67684.8
2017-12,Terrestre,Chile,167276.4
2017-12,Terrestre,Paraguay,99638.9
2017-12,Terrestre,Uruguay,72310.7
2017-12,Terrestre,EE.UU. y Canadá,188.8
2017-12,Terrestre,Resto de América,2479.8
2017-12,Terrestre,Europa,351.8
2017-12,Terrestre,Resto del mundo,158.3
2017-12,Fluvial/Marítima,Bolivia,10776.6
2017-12,Fluvial/Marítima,Brasil,18834.2
2017-12,Fluvial/Marítima,Chile,12309.9
2017-12,Fluvial/Marítima,Paraguay,15146.6
2017-12,Fluvial/Marítima,Uruguay,62461.4
2017-12,Fluvial/Marítima,EE.UU. y Canadá,210.8
2017-12,Fluvial/Marítima,Resto de América,935.5
2017-12,Fluvial/Marítima,Europa,308.9
2017-12,Fluvial/Marítima,Resto del mundo,66.6
2018-01,Aérea,Bolivia,5311.7
2018-01,Aérea,Brasil,147948.4
2018-01,Aérea,Chile,56013.8
2018-01,Aérea,Paraguay,5346.9
2018-01,Aérea,Uruguay,26717.6
2018-01,Aérea,EE.UU. y Canadá,71405.2
2018-01,Aérea,Resto de América,98876.3
2018-01,Aérea,Europa,44982.2
2018-01,Aérea,Resto del mundo,16384.9
2018-01,Terrestre,Bolivia,58204.1
2018-01,Terrestre,Brasil,381008.5
2018-01,Terrestre,Chile,390747.1
2018-01,Terrestre,Paraguay,209078.6
2018-01,Terrestre,Uruguay,246634.6
2018-01,Terrestre,EE.UU. y Canadá,352.7
2018-01,Terrestre,Resto de América,4631.5
2018-01,Terrestre,Europa,657.1
2018-01,Terrestre,Resto del mundo,295.6
2018-01,Fluvial/Marítima,Bolivia,9478
2018-01,Fluvial/Marítima,Brasil,29931.2
2018-01,Fluvial/Marítima,Chile,12468.3
2018-01,Fluvial/Marítima,Paraguay,23837.8
2018-01,Fluvial/Marítima,Uruguay,133731.2
2018-01,Fluvial/Marítima,EE.UU. y Canadá,1028.4
2018-01,Fluvial/Marítima,Resto de América,6119.7
2018-01,Fluvial/Marítima,Europa,1251.7
2018-01,Fluvial/Marítima,Resto del mundo,318.4
2018-02,Aérea,Bolivia,5933.7
2018-02,Aérea,Brasil,144728.7
2018-02,Aérea,Chile,56692.2
2018-02,Aérea,Paraguay,4847.3
2018-02,Aérea,Uruguay,15443.4
2018-02,Aérea,EE.UU. y Canadá,83201.9
2018-02,Aérea,Resto de América,101748.5
2018-02,Aérea,Europa,50740
2018-02,Aérea,Resto del mundo,21079.5
2018-02,Terrestre,Bolivia,61444.6
2018-02,Terrestre,Brasil,342989.9
2018-02,Terrestre,Chile,325505.5
2018-02,Terrestre,Paraguay,169618
2018-02,Terrestre,Uruguay,230669.4
2018-02,Terrestre,EE.UU. y Canadá,266.1
2018-02,Terrestre,Resto de América,3493.9
2018-02,Terrestre,Europa,495.7
2018-02,Terrestre,Resto del mundo,223
2018-02,Fluvial/Marítima,Bolivia,7360
2018-02,Fluvial/Marítima,Brasil,29955.3
2018-02,Fluvial/Marítima,Chile,13313.2
2018-02,Fluvial/Marítima,Paraguay,14516.7
2018-02,Fluvial/Marítima,Uruguay,121726.4
2018-02,Fluvial/Marítima,EE.UU. y Canadá,1767.5
2018-02,Fluvial/Marítima,Resto de América,10728.7
2018-02,Fluvial/Marítima,Europa,1988.4
2018-02,Fluvial/Marítima,Resto del mundo,276.8
2018-03,Aérea,Bolivia,4098.8
2018-03,Aérea,Brasil,139248.2
2018-03,Aérea,Chile,39955.9
2018-03,Aérea,Paraguay,3001.7
2018-03,Aérea,Uruguay,7902
2018-03,Aérea,EE.UU. y Canadá,80048.4
2018-03,Aérea,Resto de América,104301.5
2018-03,Aérea,Europa,54409.8
2018-03,Aérea,Resto del mundo,23030.9
2018-03,Terrestre,Bolivia,33769.6
2018-03,Terrestre,Brasil,169985
2018-03,Terrestre,Chile,143028.8
2018-03,Terrestre,Paraguay,97104.2
2018-03,Terrestre,Uruguay,80027.2
2018-03,Terrestre,EE.UU. y Canadá,162.8
2018-03,Terrestre,Resto de América,2138
2018-03,Terrestre,Europa,303.3
2018-03,Terrestre,Resto del mundo,136.4
2018-03,Fluvial/Marítima,Bolivia,5143
2018-03,Fluvial/Marítima,Brasil,12272.5
2018-03,Fluvial/Marítima,Chile,5344.8
2018-03,Fluvial/Marítima,Paraguay,12925.8
2018-03,Fluvial/Marítima,Uruguay,57736.1
2018-03,Fluvial/Marítima,EE.UU. y Canadá,804.4
2018-03,Fluvial/Marítima,Resto de América,4185.5
2018-03,Fluvial/Marítima,Europa,731.3
2018-03,Fluvial/Marítima,Resto del mundo,81.6
2018-04,Aérea,Bolivia,2756.6
2018-04,Aérea,Brasil,108503
2018-04,Aérea,Chile,41256.8
2018-04,Aérea,Paraguay,4947.5
2018-04,Aérea,Uruguay,7434.2
2018-04,Aérea,EE.UU. y Canadá,71999.4
2018-04,Aérea,Resto de América,97677.3
2018-04,Aérea,Europa,50382.9
2018-04,Aérea,Resto del mundo,29964.2
2018-04,Terrestre,Bolivia,26602.8
2018-04,Terrestre,Brasil,99521.6
2018-04,Terrestre,Chile,153810.2
2018-04,Terrestre,Paraguay,136403.7
2018-04,Terrestre,Uruguay,103675.6
2018-04,Terrestre,EE.UU. y Canadá,147.9
2018-04,Terrestre,Resto de América,1942.5
2018-04,Terrestre,Europa,275.6
2018-04,Terrestre,Resto del mundo,124
2018-04,Fluvial/Marítima,Bolivia,5300
2018-04,Fluvial/Marítima,Brasil,9032.3
2018-04,Fluvial/Marítima,Chile,1308.8
2018-04,Fluvial/Marítima,Paraguay,12180.7
2018-04,Fluvial/Marítima,Uruguay,60036.4
2018-04,Fluvial/Marítima,EE.UU. y Canadá,493.6
2018-04,Fluvial/Marítima,Resto de América,2732.6
2018-04,Fluvial/Marítima,Europa,480.3
2018-04,Fluvial/Marítima,Resto del mundo,51.3
2018-05,Aérea,Bolivia,2879.6
2018-05,Aérea,Brasil,63543.3
2018-05,Aérea,Chile,34067.3
2018-05,Aérea,Paraguay,5211.7
2018-05,Aérea,Uruguay,6816.2
2018-05,Aérea,EE.UU. y Canadá,85831
2018-05,Aérea,Resto de América,93140
2018-05,Aérea,Europa,80770.1
2018-05,Aérea,Resto del mundo,18970.7
2018-05,Terrestre,Bolivia,22332.3
2018-05,Terrestre,Brasil,49037.3
2018-05,Terrestre,Chile,90027.1
2018-05,Terrestre,Paraguay,104361.3
2018-05,Terrestre,Uruguay,47630.3
2018-05,Terrestre,EE.UU. y Canadá,17.3
2018-05,Terrestre,Resto de América,227.4
2018-05,Terrestre,Europa,32.3
2018-05,Terrestre,Resto del mundo,14.5
2018-05,Fluvial/Marítima,Bolivia,4753
2018-05,Fluvial/Marítima,Brasil,6837.2
2018-05,Fluvial/Marítima,Chile,70.7
2018-05,Fluvial/Marítima,Paraguay,10430.9
2018-05,Fluvial/Marítima,Uruguay,35483.7
2018-05,Fluvial/Marítima,EE.UU. y Canadá,564.2
2018-05,Fluvial/Marítima,Resto de América,2713.2
2018-05,Fluvial/Marítima,Europa,578
2018-05,Fluvial/Marítima,Resto del mundo,49.1
2018-06,Aérea,Bolivia,3087.7
2018-06,Aérea,Brasil,34633.4
2018-06,Aérea,Chile,22068.1
2018-06,Aérea,Paraguay,3881.5
2018-06,Aérea,Uruguay,3647.7
2018-06,Aérea,EE.UU. y Canadá,80705.3
2018-06,Aérea,Resto de América,78286.6
2018-06,Aérea,Europa,92980.5
2018-06,Aérea,Resto del mundo,16577.2
2018-06,Terrestre,Bolivia,18457.2
2018-06,Terrestre,Brasil,40601.3
2018-06,Terrestre,Chile,32729.4
2018-06,Terrestre,Paraguay,75928.5
2018-06,Terrestre,Uruguay,24012.9
2018-06,Terrestre,EE.UU. y Canadá,61
2018-06,Terrestre,Resto de América,801.4
2018-06,Terrestre,Europa,113.7
2018-06,Terrestre,Resto del mundo,51.1
2018-06,Fluvial/Marítima,Bolivia,4990
2018-06,Fluvial/Marítima,Brasil,3333.3
2018-06,Fluvial/Marítima,Chile,19.7
2018-06,Fluvial/Marítima,Paraguay,8681.3
2018-06,Fluvial/Marítima,Uruguay,21233.3
2018-06,Fluvial/Marítima,EE.UU. y Canadá,180.4
2018-06,Fluvial/Marítima,Resto de América,879.6
2018-06,Fluvial/Marítima,Europa,187.5
2018-06,Fluvial/Marítima,Resto del mundo,15.9
2018-07,Aérea,Bolivia,3790.1
2018-07,Aérea,Brasil,60363.5
2018-07,Aérea,Chile,34638.8
2018-07,Aérea,Paraguay,4887.8
2018-07,Aérea,Uruguay,5341.2
2018-07,Aérea,EE.UU. y Canadá,75543
2018-07,Aérea,Resto de América,80958.4
2018-07,Aérea,Europa,98722.8
2018-07,Aérea,Resto del mundo,13445.4
2018-07,Terrestre,Bolivia,35035.9
2018-07,Terrestre,Brasil,111129.8
2018-07,Terrestre,Chile,55022.5
2018-07,Terrestre,Paraguay,122327.7
2018-07,Terrestre,Uruguay,49081.6
2018-07,Terrestre,EE.UU. y Canadá,279
2018-07,Terrestre,Resto de América,656.5
2018-07,Terrestre,Europa,93.1
2018-07,Terrestre,Resto del mundo,41.9
2018-07,Fluvial/Marítima,Bolivia,6381
2018-07,Fluvial/Marítima,Brasil,6884.4
2018-07,Fluvial/Marítima,Chile,89.4
2018-07,Fluvial/Marítima,Paraguay,14961.7
2018-07,Fluvial/Marítima,Uruguay,34211.8
2018-07,Fluvial/Marítima,EE.UU. y Canadá,873.6
2018-07,Fluvial/Marítima,Resto de América,4485.7
2018-07,Fluvial/Marítima,Europa,1043.9
2018-07,Fluvial/Marítima,Resto del mundo,143.3
2018-08,Aérea,Bolivia,3738.4
2018-08,Aérea,Brasil,58870.9
2018-08,Aérea,Chile,25930.3
2018-08,Aérea,Paraguay,4670.1
2018-08,Aérea,Uruguay,4709.1
2018-08,Aérea,EE.UU. y Canadá,70461.7
2018-08,Aérea,Resto de América,66521.9
2018-08,Aérea,Europa,86557.9
2018-08,Aérea,Resto del mundo,13880.7
2018-08,Terrestre,Bolivia,29827.3
2018-08,Terrestre,Brasil,58705.6
2018-08,Terrestre,Chile,48006.2
2018-08,Terrestre,Paraguay,75895.3
2018-08,Terrestre,Uruguay,31850.2
2018-08,Terrestre,EE.UU. y Canadá,142.6
2018-08,Terrestre,Resto de América,336.9
2018-08,Terrestre,Europa,47.8
2018-08,Terrestre,Resto del mundo,21.5
2018-08,Fluvial/Marítima,Bolivia,6550
2018-08,Fluvial/Marítima,Brasil,4273.9
2018-08,Fluvial/Marítima,Chile,62.4
2018-08,Fluvial/Marítima,Paraguay,10050
2018-08,Fluvial/Marítima,Uruguay,27740.9
2018-08,Fluvial/Marítima,EE.UU. y Canadá,409.7
2018-08,Fluvial/Marítima,Resto de América,1798.7
2018-08,Fluvial/Marítima,Europa,307.7
2018-08,Fluvial/Marítima,Resto del mundo,58.7
2018-09,Aérea,Bolivia,3050.8
2018-09,Aérea,Brasil,68153.3
2018-09,Aérea,Chile,21199.1
2018-09,Aérea,Paraguay,4586.4
2018-09,Aérea,Uruguay,4781
2018-09,Aérea,EE.UU. y Canadá,67076.8
2018-09,Aérea,Resto de América,62952.6
2018-09,Aérea,Europa,82376.7
2018-09,Aérea,Resto del mundo,14239.3
2018-09,Terrestre,Bolivia,23143.6
2018-09,Terrestre,Brasil,56405.5
2018-09,Terrestre,Chile,42184.2
2018-09,Terrestre,Paraguay,59812.4
2018-09,Terrestre,Uruguay,27920.4
2018-09,Terrestre,EE.UU. y Canadá,177.9
2018-09,Terrestre,Resto de América,838.1
2018-09,Terrestre,Europa,118.9
2018-09,Terrestre,Resto del mundo,53.5
2018-09,Fluvial/Marítima,Bolivia,4875
2018-09,Fluvial/Marítima,Brasil,4061.2
2018-09,Fluvial/Marítima,Chile,9.9
2018-09,Fluvial/Marítima,Paraguay,8313.7
2018-09,Fluvial/Marítima,Uruguay,27979.8
2018-09,Fluvial/Marítima,EE.UU. y Canadá,93
2018-09,Fluvial/Marítima,Resto de América,417
2018-09,Fluvial/Marítima,Europa,72.6
2018-09,Fluvial/Marítima,Resto del mundo,13.5
2018-10,Aérea,Bolivia,2648.2
2018-10,Aérea,Brasil,71260.2
2018-10,Aérea,Chile,25106.1
2018-10,Aérea,Paraguay,4045.9
2018-10,Aérea,Uruguay,5861.5
2018-10,Aérea,EE.UU. y Canadá,64907.2
2018-10,Aérea,Resto de América,58798.2
2018-10,Aérea,Europa,84788.3
2018-10,Aérea,Resto del mundo,15038.4
2018-10,Terrestre,Bolivia,19513.2
2018-10,Terrestre,Brasil,60253.5
2018-10,Terrestre,Chile,54947.5
2018-10,Terrestre,Paraguay,60666.5
2018-10,Terrestre,Uruguay,37279.6
2018-10,Terrestre,EE.UU. y Canadá,24.8
2018-10,Terrestre,Resto de América,325.8
2018-10,Terrestre,Europa,46.2
2018-10,Terrestre,Resto del mundo,20.8
2018-10,Fluvial/Marítima,Bolivia,3951
2018-10,Fluvial/Marítima,Brasil,3988.7
2018-10,Fluvial/Marítima,Chile,30.7
2018-10,Fluvial/Marítima,Paraguay,8894.4
2018-10,Fluvial/Marítima,Uruguay,34712.6
2018-10,Fluvial/Marítima,EE.UU. y Canadá,70.5
2018-10,Fluvial/Marítima,Resto de América,338.9
2018-10,Fluvial/Marítima,Europa,59.2
2018-10,Fluvial/Marítima,Resto del mundo,14.4
2018-11,Aérea,Bolivia,2332.6
2018-11,Aérea,Brasil,63740.4
2018-11,Aérea,Chile,19280.6
2018-11,Aérea,Paraguay,4178.5
2018-11,Aérea,Uruguay,5806.2
2018-11,Aérea,EE.UU. y Canadá,53014.3
2018-11,Aérea,Resto de América,63133.5
2018-11,Aérea,Europa,47341.4
2018-11,Aérea,Resto del mundo,17770.5
2018-11,Terrestre,Bolivia,21346
2018-11,Terrestre,Brasil,50183.4
2018-11,Terrestre,Chile,59732.2
2018-11,Terrestre,Paraguay,62954.7
2018-11,Terrestre,Uruguay,39861.6
2018-11,Terrestre,EE.UU. y Canadá,22.3
2018-11,Terrestre,Resto de América,292.5
2018-11,Terrestre,Europa,41.5
2018-11,Terrestre,Resto del mundo,18.7
2018-11,Fluvial/Marítima,Bolivia,4555.9
2018-11,Fluvial/Marítima,Brasil,5340.7
2018-11,Fluvial/Marítima,Chile,82.2
2018-11,Fluvial/Marítima,Paraguay,7961.4
2018-11,Fluvial/Marítima,Uruguay,36458.2
2018-11,Fluvial/Marítima,EE.UU. y Canadá,71.6
2018-11,Fluvial/Marítima,Resto de América,335.6
2018-11,Fluvial/Marítima,Europa,52.6
2018-11,Fluvial/Marítima,Resto del mundo,14.6
2018-12,Aérea,Bolivia,2528.1
2018-12,Aérea,Brasil,70413
2018-12,Aérea,Chile,21414.2
2018-12,Aérea,Paraguay,4468.9
2018-12,Aérea,Uruguay,7307.2
2018-12,Aérea,EE.UU. y Canadá,52934.7
2018-12,Aérea,Resto de América,63777.1
2018-12,Aérea,Europa,43092.4
2018-12,Aérea,Resto del mundo,13433.4
2018-12,Terrestre,Bolivia,30377
2018-12,Terrestre,Brasil,60094.9
2018-12,Terrestre,Chile,76908.7
2018-12,Terrestre,Paraguay,76378.4
2018-12,Terrestre,Uruguay,50564.8
2018-12,Terrestre,EE.UU. y Canadá,83.6
2018-12,Terrestre,Resto de América,1097.4
2018-12,Terrestre,Europa,155.7
2018-12,Terrestre,Resto del mundo,70
2018-12,Fluvial/Marítima,Bolivia,5258
2018-12,Fluvial/Marítima,Brasil,11067.5
2018-12,Fluvial/Marítima,Chile,588.7
2018-12,Fluvial/Marítima,Paraguay,10839.3
2018-12,Fluvial/Marítima,Uruguay,57329.4
2018-12,Fluvial/Marítima,EE.UU. y Canadá,115.5
2018-12,Fluvial/Marítima,Resto de América,540.3
2018-12,Fluvial/Marítima,Europa,69.8
2018-12,Fluvial/Marítima,Resto del mundo,22.3
2019-01,Aérea,Bolivia,3599.9
2019-01,Aérea,Brasil,121612.4
2019-01,Aérea,Chile,31854.1
2019-01,Aérea,Paraguay,4416.9
2019-01,Aérea,Uruguay,18697.5
2019-01,Aérea,EE.UU. y Canadá,60675.6
2019-01,Aérea,Resto de América,73962.1
2019-01,Aérea,Europa,41657.5
2019-01,Aérea,Resto del mundo,20280.1
2019-01,Terrestre,Bolivia,45070.3
2019-01,Terrestre,Brasil,211570.5
2019-01,Terrestre,Chile,219155.8
2019-01,Terrestre,Paraguay,151997.4
2019-01,Terrestre,Uruguay,158669.1
2019-01,Terrestre,EE.UU. y Canadá,130.2
2019-01,Terrestre,Resto de América,1311.2
2019-01,Terrestre,Europa,170.6
2019-01,Terrestre,Resto del mundo,109.1
2019-01,Fluvial/Marítima,Bolivia,5805
2019-01,Fluvial/Marítima,Brasil,15771.2
2019-01,Fluvial/Marítima,Chile,2071.9
2019-01,Fluvial/Marítima,Paraguay,17619.5
2019-01,Fluvial/Marítima,Uruguay,100947.6
2019-01,Fluvial/Marítima,EE.UU. y Canadá,659.2
2019-01,Fluvial/Marítima,Resto de América,2764.6
2019-01,Fluvial/Marítima,Europa,457.9
2019-01,Fluvial/Marítima,Resto del mundo,109.1
2019-02,Aérea,Bolivia,3755.5
2019-02,Aérea,Brasil,126771.9
2019-02,Aérea,Chile,25096.9
2019-02,Aérea,Paraguay,4648.6
2019-02,Aérea,Uruguay,11135.2
2019-02,Aérea,EE.UU. y Canadá,70238.9
2019-02,Aérea,Resto de América,93769.5
2019-02,Aérea,Europa,52449.3
2019-02,Aérea,Resto del mundo,20436.1
2019-02,Terrestre,Bolivia,38136.4
2019-02,Terrestre,Brasil,234152.5
2019-02,Terrestre,Chile,147643
2019-02,Terrestre,Paraguay,112307.4
2019-02,Terrestre,Uruguay,134481.7
2019-02,Terrestre,EE.UU. y Canadá,358.1
2019-02,Terrestre,Resto de América,2238
2019-02,Terrestre,Europa,355.7
2019-02,Terrestre,Resto del mundo,284.4
2019-02,Fluvial/Marítima,Bolivia,4607
2019-02,Fluvial/Marítima,Brasil,16150.8
2019-02,Fluvial/Marítima,Chile,1055
2019-02,Fluvial/Marítima,Paraguay,12143.2
2019-02,Fluvial/Marítima,Uruguay,80205.9
2019-02,Fluvial/Marítima,EE.UU. y Canadá,480.4
2019-02,Fluvial/Marítima,Resto de América,1519.6
2019-02,Fluvial/Marítima,Europa,377.5
2019-02,Fluvial/Marítima,Resto del mundo,70.3
2019-03,Aérea,Bolivia,3830.4
2019-03,Aérea,Brasil,108007.8
2019-03,Aérea,Chile,25314.6
2019-03,Aérea,Paraguay,4550.9
2019-03,Aérea,Uruguay,6164.6
2019-03,Aérea,EE.UU. y Canadá,71783.5
2019-03,Aérea,Resto de América,97699.4
2019-03,Aérea,Europa,49349.1
2019-03,Aérea,Resto del mundo,20665.7
2019-03,Terrestre,Bolivia,37669
2019-03,Terrestre,Brasil,129668.3
2019-03,Terrestre,Chile,114348
2019-03,Terrestre,Paraguay,80415.7
2019-03,Terrestre,Uruguay,88918.9
2019-03,Terrestre,EE.UU. y Canadá,62.9
2019-03,Terrestre,Resto de América,262.8
2019-03,Terrestre,Europa,40.9
2019-03,Terrestre,Resto del mundo,42.6
2019-03,Fluvial/Marítima,Bolivia,6223.2
2019-03,Fluvial/Marítima,Brasil,10322.9
2019-03,Fluvial/Marítima,Chile,342.9
2019-03,Fluvial/Marítima,Paraguay,9395.3
2019-03,Fluvial/Marítima,Uruguay,63926.4
2019-03,Fluvial/Marítima,EE.UU. y Canadá,102.6
2019-03,Fluvial/Marítima,Resto de América,366.1
2019-03,Fluvial/Marítima,Europa,101.8
2019-03,Fluvial/Marítima,Resto del mundo,19.7
2019-04,Aérea,Bolivia,2257.4
2019-04,Aérea,Brasil,83162.5
2019-04,Aérea,Chile,25104.8
2019-04,Aérea,Paraguay,4253.6
2019-04,Aérea,Uruguay,4517.3
2019-04,Aérea,EE.UU. y Canadá,62454.1
2019-04,Aérea,Resto de América,72269.9
2019-04,Aérea,Europa,47264.8
2019-04,Aérea,Resto del mundo,15594.5
2019-04,Terrestre,Bolivia,21797
2019-04,Terrestre,Brasil,73076.5
2019-04,Terrestre,Chile,83105
2019-04,Terrestre,Paraguay,92068.8
2019-04,Terrestre,Uruguay,59153.3
2019-04,Terrestre,EE.UU. y Canadá,82
2019-04,Terrestre,Resto de América,423.8
2019-04,Terrestre,Europa,77.8
2019-04,Terrestre,Resto del mundo,83.1
2019-04,Fluvial/Marítima,Bolivia,4941
2019-04,Fluvial/Marítima,Brasil,6950
2019-04,Fluvial/Marítima,Chile,50
2019-04,Fluvial/Marítima,Paraguay,8010.9
2019-04,Fluvial/Marítima,Uruguay,40080.3
2019-04,Fluvial/Marítima,EE.UU. y Canadá,72.2
2019-04,Fluvial/Marítima,Resto de América,211.9
2019-04,Fluvial/Marítima,Europa,64.5
2019-04,Fluvial/Marítima,Resto del mundo,13.3
2019-05,Aérea,Bolivia,2489.7
2019-05,Aérea,Brasil,62238.5
2019-05,Aérea,Chile,19325.8
2019-05,Aérea,Paraguay,4887.9
2019-05,Aérea,Uruguay,3761.8
2019-05,Aérea,EE.UU. y Canadá,75100.5
2019-05,Aérea,Resto de América,79968.7
2019-05,Aérea,Europa,64454.4
2019-05,Aérea,Resto del mundo,15199.6
2019-05,Terrestre,Bolivia,24099.8
2019-05,Terrestre,Brasil,47349.2
2019-05,Terrestre,Chile,48429.1
2019-05,Terrestre,Paraguay,73619
2019-05,Terrestre,Uruguay,30697.4
2019-05,Terrestre,EE.UU. y Canadá,61.6
2019-05,Terrestre,Resto de América,334.8
2019-05,Terrestre,Europa,52
2019-05,Terrestre,Resto del mundo,62.5
2019-05,Fluvial/Marítima,Bolivia,6065
2019-05,Fluvial/Marítima,Brasil,3610.9
2019-05,Fluvial/Marítima,Chile,49
2019-05,Fluvial/Marítima,Paraguay,5859.3
2019-05,Fluvial/Marítima,Uruguay,21511.6
2019-05,Fluvial/Marítima,EE.UU. y Canadá,121.3
2019-05,Fluvial/Marítima,Resto de América,450.5
2019-05,Fluvial/Marítima,Europa,98.4
2019-05,Fluvial/Marítima,Resto del mundo,30.7
2019-06,Aérea,Bolivia,2273
2019-06,Aérea,Brasil,48171.6
2019-06,Aérea,Chile,19972.4
2019-06,Aérea,Paraguay,5070.9
2019-06,Aérea,Uruguay,3811
2019-06,Aérea,EE.UU. y Canadá,76522.4
2019-06,Aérea,Resto de América,72621.6
2019-06,Aérea,Europa,80267.7
2019-06,Aérea,Resto del mundo,15901.5
2019-06,Terrestre,Bolivia,31671
2019-06,Terrestre,Brasil,55539.6
2019-06,Terrestre,Chile,33762.1
2019-06,Terrestre,Paraguay,80340.1
2019-06,Terrestre,Uruguay,28275.9
2019-06,Terrestre,EE.UU. y Canadá,93
2019-06,Terrestre,Resto de América,528.6
2019-06,Terrestre,Europa,78.5
2019-06,Terrestre,Resto del mundo,63.6
2019-06,Fluvial/Marítima,Bolivia,6261
2019-06,Fluvial/Marítima,Brasil,4276.1
2019-06,Fluvial/Marítima,Chile,15.9
2019-06,Fluvial/Marítima,Paraguay,5912.6
2019-06,Fluvial/Marítima,Uruguay,24611.3
2019-06,Fluvial/Marítima,EE.UU. y Canadá,50.7
2019-06,Fluvial/Marítima,Resto de América,172.9
2019-06,Fluvial/Marítima,Europa,35.4
2019-06,Fluvial/Marítima,Resto del mundo,12.8
2019-07,Aérea,Bolivia,2516.4
2019-07,Aérea,Brasil,51804.7
2019-07,Aérea,Chile,21686.3
2019-07,Aérea,Paraguay,6099.3
2019-07,Aérea,Uruguay,3986.4
2019-07,Aérea,EE.UU. y Canadá,59314.4
2019-07,Aérea,Resto de América,71509.4
2019-07,Aérea,Europa,81732.4
2019-07,Aérea,Resto del mundo,13199.7
2019-07,Terrestre,Bolivia,41981.7
2019-07,Terrestre,Brasil,108349.3
2019-07,Terrestre,Chile,64531
2019-07,Terrestre,Paraguay,110852.4
2019-07,Terrestre,Uruguay,43070
2019-07,Terrestre,EE.UU. y Canadá,357.6
2019-07,Terrestre,Resto de América,934.4
2019-07,Terrestre,Europa,90.1
2019-07,Terrestre,Resto del mundo,100.6
2019-07,Fluvial/Marítima,Bolivia,8983
2019-07,Fluvial/Marítima,Brasil,5691
2019-07,Fluvial/Marítima,Chile,34
2019-07,Fluvial/Marítima,Paraguay,9347.9
2019-07,Fluvial/Marítima,Uruguay,33342.1
2019-07,Fluvial/Marítima,EE.UU. y Canadá,146.2
2019-07,Fluvial/Marítima,Resto de América,468.2
2019-07,Fluvial/Marítima,Europa,121.7
2019-07,Fluvial/Marítima,Resto del mundo,19.8
2019-08,Aérea,Bolivia,4017.6
2019-08,Aérea,Brasil,61865
2019-08,Aérea,Chile,21553.4
2019-08,Aérea,Paraguay,6404
2019-08,Aérea,Uruguay,4765.2
2019-08,Aérea,EE.UU. y Canadá,78309.4
2019-08,Aérea,Resto de América,72961.6
2019-08,Aérea,Europa,85405.7
2019-08,Aérea,Resto del mundo,12420
2019-08,Terrestre,Bolivia,35969.9
2019-08,Terrestre,Brasil,62088.2
2019-08,Terrestre,Chile,44088.7
2019-08,Terrestre,Paraguay,80989
2019-08,Terrestre,Uruguay,31261.8
2019-08,Terrestre,EE.UU. y Canadá,172.6
2019-08,Terrestre,Resto de América,289.1
2019-08,Terrestre,Europa,31.7
2019-08,Terrestre,Resto del mundo,32
2019-08,Fluvial/Marítima,Bolivia,8128.7
2019-08,Fluvial/Marítima,Brasil,3349.4
2019-08,Fluvial/Marítima,Chile,30.8
2019-08,Fluvial/Marítima,Paraguay,8618.2
2019-08,Fluvial/Marítima,Uruguay,28809.1
2019-08,Fluvial/Marítima,EE.UU. y Canadá,193.9
2019-08,Fluvial/Marítima,Resto de América,1149.6
2019-08,Fluvial/Marítima,Europa,321.1
2019-08,Fluvial/Marítima,Resto del mundo,49.3
2019-09,Aérea,Bolivia,2769.9
2019-09,Aérea,Brasil,56089.7
2019-09,Aérea,Chile,19268.1
2019-09,Aérea,Paraguay,4873.3
2019-09,Aérea,Uruguay,4136.1
2019-09,Aérea,EE.UU. y Canadá,69581.6
2019-09,Aérea,Resto de América,61181.6
2019-09,Aérea,Europa,87365.5
2019-09,Aérea,Resto del mundo,14516.1
2019-09,Terrestre,Bolivia,28480.6
2019-09,Terrestre,Brasil,57355
2019-09,Terrestre,Chile,54339.9
2019-09,Terrestre,Paraguay,62013.3
2019-09,Terrestre,Uruguay,26770
2019-09,Terrestre,EE.UU. y Canadá,205.5
2019-09,Terrestre,Resto de América,646.7
2019-09,Terrestre,Europa,106.8
2019-09,Terrestre,Resto del mundo,59.3
2019-09,Fluvial/Marítima,Bolivia,6077
2019-09,Fluvial/Marítima,Brasil,3800.1
2019-09,Fluvial/Marítima,Chile,16
2019-09,Fluvial/Marítima,Paraguay,8209
2019-09,Fluvial/Marítima,Uruguay,29433.4
2019-09,Fluvial/Marítima,EE.UU. y Canadá,25.8
2019-09,Fluvial/Marítima,Resto de América,154.2
2019-09,Fluvial/Marítima,Europa,38.9
2019-09,Fluvial/Marítima,Resto del mundo,6.6
2019-10,Aérea,Bolivia,1847.3
2019-10,Aérea,Brasil,56607.1
2019-10,Aérea,Chile,17060.9
2019-10,Aérea,Paraguay,4953.3
2019-10,Aérea,Uruguay,5042.2
2019-10,Aérea,EE.UU. y Canadá,69714.7
2019-10,Aérea,Resto de América,60576
2019-10,Aérea,Europa,81075.7
2019-10,Aérea,Resto del mundo,21569.9
2019-10,Terrestre,Bolivia,24071.9
2019-10,Terrestre,Brasil,56774
2019-10,Terrestre,Chile,58456
2019-10,Terrestre,Paraguay,66725.5
2019-10,Terrestre,Uruguay,31937.8
2019-10,Terrestre,EE.UU. y Canadá,45.4
2019-10,Terrestre,Resto de América,337.4
2019-10,Terrestre,Europa,42.7
2019-10,Terrestre,Resto del mundo,29.9
2019-10,Fluvial/Marítima,Bolivia,7510
2019-10,Fluvial/Marítima,Brasil,3873
2019-10,Fluvial/Marítima,Chile,45
2019-10,Fluvial/Marítima,Paraguay,8942
2019-10,Fluvial/Marítima,Uruguay,32622
2019-10,Fluvial/Marítima,EE.UU. y Canadá,0
2019-10,Fluvial/Marítima,Resto de América,0
2019-10,Fluvial/Marítima,Europa,0
2019-10,Fluvial/Marítima,Resto del mundo,0
2019-11,Aérea,Bolivia,1667.3
2019-11,Aérea,Brasil,54239.8
2019-11,Aérea,Chile,13541.5
2019-11,Aérea,Paraguay,5241.2
2019-11,Aérea,Uruguay,5885.3
2019-11,Aérea,EE.UU. y Canadá,59631.3
2019-11,Aérea,Resto de América,60673.2
2019-11,Aérea,Europa,49370.9
2019-11,Aérea,Resto del mundo,17798.6
2019-11,Terrestre,Bolivia,16857
2019-11,Terrestre,Brasil,53740.8
2019-11,Terrestre,Chile,36849.5
2019-11,Terrestre,Paraguay,98636.2
2019-11,Terrestre,Uruguay,41799.5
2019-11,Terrestre,EE.UU. y Canadá,47.5
2019-11,Terrestre,Resto de América,327.2
2019-11,Terrestre,Europa,47.7
2019-11,Terrestre,Resto del mundo,34.2
2019-11,Fluvial/Marítima,Bolivia,5279
2019-11,Fluvial/Marítima,Brasil,3854.1
2019-11,Fluvial/Marítima,Chile,111.9
2019-11,Fluvial/Marítima,Paraguay,8051.3
2019-11,Fluvial/Marítima,Uruguay,42381.6
2019-11,Fluvial/Marítima,EE.UU. y Canadá,123.9
2019-11,Fluvial/Marítima,Resto de América,737.6
2019-11,Fluvial/Marítima,Europa,187.1
2019-11,Fluvial/Marítima,Resto del mundo,0
2019-12,Aérea,Bolivia,2032.6
2019-12,Aérea,Brasil,55576.6
2019-12,Aérea,Chile,16021.8
2019-12,Aérea,Paraguay,4664.6
2019-12,Aérea,Uruguay,7260.2
2019-12,Aérea,EE.UU. y Canadá,51881.1
2019-12,Aérea,Resto de América,57744.4
2019-12,Aérea,Europa,37101.3
2019-12,Aérea,Resto del mundo,10859.5
2019-12,Terrestre,Bolivia,23350.5
2019-12,Terrestre,Brasil,67206.8
2019-12,Terrestre,Chile,57109.4
2019-12,Terrestre,Paraguay,73580
2019-12,Terrestre,Uruguay,51072.2
2019-12,Terrestre,EE.UU. y Canadá,148.6
2019-12,Terrestre,Resto de América,897.1
2019-12,Terrestre,Europa,132.9
2019-12,Terrestre,Resto del mundo,45.7
2019-12,Fluvial/Marítima,Bolivia,6376
2019-12,Fluvial/Marítima,Brasil,12436.7
2019-12,Fluvial/Marítima,Chile,323.9
2019-12,Fluvial/Marítima,Paraguay,10906.1
2019-12,Fluvial/Marítima,Uruguay,59646.5
2019-12,Fluvial/Marítima,EE.UU. y Canadá,18.8
2019-12,Fluvial/Marítima,Resto de América,108.4
2019-12,Fluvial/Marítima,Europa,28.4
2019-12,Fluvial/Marítima,Resto del mundo,0
2020-01,Aérea,Bolivia,2419.1
2020-01,Aérea,Brasil,91995.6
2020-01,Aérea,Chile,16246.9
2020-01,Aérea,Paraguay,3718.4
2020-01,Aérea,Uruguay,14541.1
2020-01,Aérea,EE.UU. y Canadá,47391.9
2020-01,Aérea,Resto de América,71676.7
2020-01,Aérea,Europa,42972.5
2020-01,Aérea,Resto del mundo,14076.8
2020-01,Terrestre,Bolivia,38675.8
2020-01,Terrestre,Brasil,242654.3
2020-01,Terrestre,Chile,134181.1
2020-01,Terrestre,Paraguay,144290.5
2020-01,Terrestre,Uruguay,154643.3
2020-01,Terrestre,EE.UU. y Canadá,87.6
2020-01,Terrestre,Resto de América,403.6
2020-01,Terrestre,Europa,76.4
2020-01,Terrestre,Resto del mundo,24.3
2020-01,Fluvial/Marítima,Bolivia,6294
2020-01,Fluvial/Marítima,Brasil,12463.3
2020-01,Fluvial/Marítima,Chile,1529.9
2020-01,Fluvial/Marítima,Paraguay,16257.3
2020-01,Fluvial/Marítima,Uruguay,109586.5
2020-01,Fluvial/Marítima,EE.UU. y Canadá,161.3
2020-01,Fluvial/Marítima,Resto de América,595
2020-01,Fluvial/Marítima,Europa,189.4
2020-01,Fluvial/Marítima,Resto del mundo,0
2020-02,Aérea,Bolivia,3472.2
2020-02,Aérea,Brasil,110816.5
2020-02,Aérea,Chile,15280.5
2020-02,Aérea,Paraguay,4060.3
2020-02,Aérea,Uruguay,11534.4
2020-02,Aérea,EE.UU. y Canadá,60028.3
2020-02,Aérea,Resto de América,77045.2
2020-02,Aérea,Europa,49720.3
2020-02,Aérea,Resto del mundo,18086.3
2020-02,Terrestre,Bolivia,39094.2
2020-02,Terrestre,Brasil,258907.4
2020-02,Terrestre,Chile,146508.2
2020-02,Terrestre,Paraguay,110331
2020-02,Terrestre,Uruguay,158245
2020-02,Terrestre,EE.UU. y Canadá,188.6
2020-02,Terrestre,Resto de América,906
2020-02,Terrestre,Europa,274.5
2020-02,Terrestre,Resto del mundo,26.1
2020-02,Fluvial/Marítima,Bolivia,4657
2020-02,Fluvial/Marítima,Brasil,14475.6
2020-02,Fluvial/Marítima,Chile,1100
2020-02,Fluvial/Marítima,Paraguay,11159.2
2020-02,Fluvial/Marítima,Uruguay,108726.8
2020-02,Fluvial/Marítima,EE.UU. y Canadá,193
2020-02,Fluvial/Marítima,Resto de América,531.7
2020-02,Fluvial/Marítima,Europa,194.8
2020-02,Fluvial/Marítima,Resto del mundo,0
2020-03,Aérea,Bolivia,850.1
2020-03,Aérea,Brasil,45939.6
2020-03,Aérea,Chile,9115.6
2020-03,Aérea,Paraguay,2026.9
2020-03,Aérea,Uruguay,1803.1
2020-03,Aérea,EE.UU. y Canadá,20400.3
2020-03,Aérea,Resto de América,29005.8
2020-03,Aérea,Europa,21344.7
2020-03,Aérea,Resto del mundo,7199.9
2020-03,Terrestre,Bolivia,14295.2
2020-03,Terrestre,Brasil,62876.5
2020-03,Terrestre,Chile,28642.8
2020-03,Terrestre,Paraguay,27312.6
2020-03,Terrestre,Uruguay,23716
2020-03,Terrestre,EE.UU. y Canadá,74.8
2020-03,Terrestre,Resto de América,471.8
2020-03,Terrestre,Europa,150.6
2020-03,Terrestre,Resto del mundo,12.8
2020-03,Fluvial/Marítima,Bolivia,6509
2020-03,Fluvial/Marítima,Brasil,6927.8
2020-03,Fluvial/Marítima,Chile,462.8
2020-03,Fluvial/Marítima,Paraguay,3841.1
2020-03,Fluvial/Marítima,Uruguay,17842.8
2020-03,Fluvial/Marítima,EE.UU. y Canadá,62.7
2020-03,Fluvial/Marítima,Resto de América,140.1
2020-03,Fluvial/Marítima,Europa,65.5
2020-03,Fluvial/Marítima,Resto del mundo,1
2020-04,Aérea,Bolivia,0
2020-04,Aérea,Brasil,0
2020-04,Aérea,Chile,0
2020-04,Aérea,Paraguay,0
2020-04,Aérea,Uruguay,0
2020-04,Aérea,EE.UU. y Canadá,0
2020-04,Aérea,Resto de América,0
2020-04,Aérea,Europa,0
2020-04,Aérea,Resto del mundo,0
2020-04,Terrestre,Bolivia,0
2020-04,Terrestre,Brasil,0
2020-04,Terrestre,Chile,0
2020-04,Terrestre,Paraguay,0
2020-04,Terrestre,Uruguay,0
2020-04,Terrestre,EE.UU. y Canadá,0
2020-04,Terrestre,Resto de América,0
2020-04,Terrestre,Europa,0
2020-04,Terrestre,Resto del mundo,0
2020-04,Fluvial/Marítima,Bolivia,0
2020-04,Fluvial/Marítima,Brasil,0
2020-04,Fluvial/Marítima,Chile,0
2020-04,Fluvial/Marítima,Paraguay,0
2020-04,Fluvial/Marítima,Uruguay,0
2020-04,Fluvial/Marítima,EE.UU. y Canadá,0
2020-04,Fluvial/Marítima,Resto de América,0
2020-04,Fluvial/Marítima,Europa,0
2020-04,Fluvial/Marítima,Resto del mundo,0
2020-05,Aérea,Bolivia,0
2020-05,Aérea,Brasil,0
2020-05,Aérea,Chile,0
2020-05,Aérea,Paraguay,0
2020-05,Aérea,Uruguay,0
2020-05,Aérea,EE.UU. y Canadá,0
2020-05,Aérea,Resto de América,0
2020-05,Aérea,Europa,0
2020-05,Aérea,Resto del mundo,0
2020-05,Terrestre,Bolivia,0
2020-05,Terrestre,Brasil,0
2020-05,Terrestre,Chile,0
2020-05,Terrestre,Paraguay,0
2020-05,Terrestre,Uruguay,0
2020-05,Terrestre,EE.UU. y Canadá,0
2020-05,Terrestre,Resto de América,0
2020-05,Terrestre,Europa,0
2020-05,Terrestre,Resto del mundo,0
2020-05,Fluvial/Marítima,Bolivia,0
2020-05,Fluvial/Marítima,Brasil,0
2020-05,Fluvial/Marítima,Chile,0
2020-05,Fluvial/Marítima,Paraguay,0
2020-05,Fluvial/Marítima,Uruguay,0
2020-05,Fluvial/Marítima,EE.UU. y Canadá,0
2020-05,Fluvial/Marítima,Resto de América,0
2020-05,Fluvial/Marítima,Europa,0
2020-05,Fluvial/Marítima,Resto del mundo,0
2020-06,Aérea,Bolivia,0
2020-06,Aérea,Brasil,0
2020-06,Aérea,Chile,0
2020-06,Aérea,Paraguay,0
2020-06,Aérea,Uruguay,0
2020-06,Aérea,EE.UU. y Canadá,0
2020-06,Aérea,Resto de América,0
2020-06,Aérea,Europa,0
2020-06,Aérea,Resto del mundo,0
2020-06,Terrestre,Bolivia,0
2020-06,Terrestre,Brasil,0
2020-06,Terrestre,Chile,0
2020-06,Terrestre,Paraguay,0
2020-06,Terrestre,Uruguay,0
2020-06,Terrestre,EE.UU. y Canadá,0
2020-06,Terrestre,Resto de América,0
2020-06,Terrestre,Europa,0
2020-06,Terrestre,Resto del mundo,0
2020-06,Fluvial/Marítima,Bolivia,0
2020-06,Fluvial/Marítima,Brasil,0
2020-06,Fluvial/Marítima,Chile,0
2020-06,Fluvial/Marítima,Paraguay,0
2020-06,Fluvial/Marítima,Uruguay,0
2020-06,Fluvial/Marítima,EE.UU. y Canadá,0
2020-06,Fluvial/Marítima,Resto de América,0
2020-06,Fluvial/Marítima,Europa,0
2020-06,Fluvial/Marítima,Resto del mundo,0
2020-07,Aérea,Bolivia,196.7
2020-07,Aérea,Brasil,163.4
2020-07,Aérea,Chile,289.2
2020-07,Aérea,Paraguay,231
2020-07,Aérea,Uruguay,14
2020-07,Aérea,EE.UU. y Canadá,639.5
2020-07,Aérea,Resto de América,799.3
2020-07,Aérea,Europa,1234.8
2020-07,Aérea,Resto del mundo,0
2020-07,Terrestre,Bolivia,49
2020-07,Terrestre,Brasil,442
2020-07,Terrestre,Chile,119
2020-07,Terrestre,Paraguay,468
2020-07,Terrestre,Uruguay,417
2020-07,Terrestre,EE.UU. y Canadá,0
2020-07,Terrestre,Resto de América,0
2020-07,Terrestre,Europa,0
2020-07,Terrestre,Resto del mundo,0
2020-07,Fluvial/Marítima,Bolivia,0
2020-07,Fluvial/Marítima,Brasil,0
2020-07,Fluvial/Marítima,Chile,0
2020-07,Fluvial/Marítima,Paraguay,2
2020-07,Fluvial/Marítima,Uruguay,374
2020-07,Fluvial/Marítima,EE.UU. y Canadá,0
2020-07,Fluvial/Marítima,Resto de América,0
2020-07,Fluvial/Marítima,Europa,0
2020-07,Fluvial/Marítima,Resto del mundo,0
2020-08,Aérea,Bolivia,127.6
2020-08,Aérea,Brasil,388.4
2020-08,Aérea,Chile,144.4
2020-08,Aérea,Paraguay,104.8
2020-08,Aérea,Uruguay,59.7
2020-08,Aérea,EE.UU. y Canadá,827.9
2020-08,Aérea,Resto de América,333.9
2020-08,Aérea,Europa,1511.9
2020-08,Aérea,Resto del mundo,118.4
2020-08,Terrestre,Bolivia,48
2020-08,Terrestre,Brasil,430
2020-08,Terrestre,Chile,205
2020-08,Terrestre,Paraguay,546
2020-08,Terrestre,Uruguay,525
2020-08,Terrestre,EE.UU. y Canadá,0
2020-08,Terrestre,Resto de América,0
2020-08,Terrestre,Europa,0
2020-08,Terrestre,Resto del mundo,0
2020-08,Fluvial/Marítima,Bolivia,0
2020-08,Fluvial/Marítima,Brasil,0
2020-08,Fluvial/Marítima,Chile,0
2020-08,Fluvial/Marítima,Paraguay,7
2020-08,Fluvial/Marítima,Uruguay,584
2020-08,Fluvial/Marítima,EE.UU. y Canadá,0
2020-08,Fluvial/Marítima,Resto de América,0
2020-08,Fluvial/Marítima,Europa,0
2020-08,Fluvial/Marítima,Resto del mundo,0
2020-09,Aérea,Bolivia,583.6
2020-09,Aérea,Brasil,758.1
2020-09,Aérea,Chile,414
2020-09,Aérea,Paraguay,518.1
2020-09,Aérea,Uruguay,81.3
2020-09,Aérea,EE.UU. y Canadá,1853.2
2020-09,Aérea,Resto de América,970
2020-09,Aérea,Europa,3637.2
2020-09,Aérea,Resto del mundo,136.5
2020-09,Terrestre,Bolivia,87
2020-09,Terrestre,Brasil,414
2020-09,Terrestre,Chile,106
2020-09,Terrestre,Paraguay,26
2020-09,Terrestre,Uruguay,678
2020-09,Terrestre,EE.UU. y Canadá,0
2020-09,Terrestre,Resto de América,0
2020-09,Terrestre,Europa,0
2020-09,Terrestre,Resto del mundo,0
2020-09,Fluvial/Marítima,Bolivia,0
2020-09,Fluvial/Marítima,Brasil,0
2020-09,Fluvial/Marítima,Chile,0
2020-09,Fluvial/Marítima,Paraguay,0
2020-09,Fluvial/Marítima,Uruguay,779
2020-09,Fluvial/Marítima,EE.UU. y Canadá,0
2020-09,Fluvial/Marítima,Resto de América,0
2020-09,Fluvial/Marítima,Europa,0
2020-09,Fluvial/Marítima,Resto del mundo,0
2020-10,Aérea,Bolivia,1348
2020-10,Aérea,Brasil,1359
2020-10,Aérea,Chile,765
2020-10,Aérea,Paraguay,359
2020-10,Aérea,Uruguay,191
2020-10,Aérea,EE.UU. y Canadá,4756
2020-10,Aérea,Resto de América,1988
2020-10,Aérea,Europa,4293
2020-10,Aérea,Resto del mundo,56
2020-10,Terrestre,Bolivia,59
2020-10,Terrestre,Brasil,480
2020-10,Terrestre,Chile,341
2020-10,Terrestre,Paraguay,68
2020-10,Terrestre,Uruguay,1135
2020-10,Terrestre,EE.UU. y Canadá,0
2020-10,Terrestre,Resto de América,0
2020-10,Terrestre,Europa,0
2020-10,Terrestre,Resto del mundo,0
2020-10,Fluvial/Marítima,Bolivia,0
2020-10,Fluvial/Marítima,Brasil,0
2020-10,Fluvial/Marítima,Chile,0
2020-10,Fluvial/Marítima,Paraguay,0
2020-10,Fluvial/Marítima,Uruguay,1302
2020-10,Fluvial/Marítima,EE.UU. y Canadá,0
2020-10,Fluvial/Marítima,Resto de América,0
2020-10,Fluvial/Marítima,Europa,0
2020-10,Fluvial/Marítima,Resto del mundo,0
2020-11,Aérea,Bolivia,1810.2
2020-11,Aérea,Brasil,4029
2020-11,Aérea,Chile,2721
2020-11,Aérea,Paraguay,957.7
2020-11,Aérea,Uruguay,291.7
2020-11,Aérea,EE.UU. y Canadá,8956.9
2020-11,Aérea,Resto de América,4165.6
2020-11,Aérea,Europa,5633.5
2020-11,Aérea,Resto del mundo,60.3
2020-11,Terrestre,Bolivia,126
2020-11,Terrestre,Brasil,694
2020-11,Terrestre,Chile,602
2020-11,Terrestre,Paraguay,77
2020-11,Terrestre,Uruguay,1720
2020-11,Terrestre,EE.UU. y Canadá,0
2020-11,Terrestre,Resto de América,0
2020-11,Terrestre,Europa,0
2020-11,Terrestre,Resto del mundo,0
2020-11,Fluvial/Marítima,Bolivia,0
2020-11,Fluvial/Marítima,Brasil,2
2020-11,Fluvial/Marítima,Chile,0
2020-11,Fluvial/Marítima,Paraguay,0
2020-11,Fluvial/Marítima,Uruguay,1697
2020-11,Fluvial/Marítima,EE.UU. y Canadá,0
2020-11,Fluvial/Marítima,Resto de América,0
2020-11,Fluvial/Marítima,Europa,0
2020-11,Fluvial/Marítima,Resto del mundo,0
2020-12,Aérea,Bolivia,2927.2
2020-12,Aérea,Brasil,5361.1
2020-12,Aérea,Chile,6477.2
2020-12,Aérea,Paraguay,4497.4
2020-12,Aérea,Uruguay,248.3
2020-12,Aérea,EE.UU. y Canadá,12925.1
2020-12,Aérea,Resto de América,9149.1
2020-12,Aérea,Europa,11123.6
2020-12,Aérea,Resto del mundo,159.1
2020-12,Terrestre,Bolivia,126
2020-12,Terrestre,Brasil,994
2020-12,Terrestre,Chile,3091
2020-12,Terrestre,Paraguay,389
2020-12,Terrestre,Uruguay,2843
2020-12,Terrestre,EE.UU. y Canadá,0
2020-12,Terrestre,Resto de América,0
2020-12,Terrestre,Europa,0
2020-12,Terrestre,Resto del mundo,0
2020-12,Fluvial/Marítima,Bolivia,0
2020-12,Fluvial/Marítima,Brasil,1
2020-12,Fluvial/Marítima,Chile,0
2020-12,Fluvial/Marítima,Paraguay,1
2020-12,Fluvial/Marítima,Uruguay,2515
2020-12,Fluvial/Marítima,EE.UU. y Canadá,0
2020-12,Fluvial/Marítima,Resto de América,0
2020-12,Fluvial/Marítima,Europa,0
2020-12,Fluvial/Marítima,Resto del mundo,0
2021-01,Aérea,Bolivia,1481
2021-01,Aérea,Brasil,10859.9
2021-01,Aérea,Chile,5500.5
2021-01,Aérea,Paraguay,2297.2
2021-01,Aérea,Uruguay,186
2021-01,Aérea,EE.UU. y Canadá,15549.3
2021-01,Aérea,Resto de América,17529.1
2021-01,Aérea,Europa,4481
2021-01,Aérea,Resto del mundo,1420.1
2021-01,Terrestre,Bolivia,97
2021-01,Terrestre,Brasil,1020
2021-01,Terrestre,Chile,987
2021-01,Terrestre,Paraguay,73
2021-01,Terrestre,Uruguay,1278
2021-01,Terrestre,EE.UU. y Canadá,0
2021-01,Terrestre,Resto de América,0
2021-01,Terrestre,Europa,0
2021-01,Terrestre,Resto del mundo,0
2021-01,Fluvial/Marítima,Bolivia,0
2021-01,Fluvial/Marítima,Brasil,0
2021-01,Fluvial/Marítima,Chile,0
2021-01,Fluvial/Marítima,Paraguay,0
2021-01,Fluvial/Marítima,Uruguay,1732
2021-01,Fluvial/Marítima,EE.UU. y Canadá,0
2021-01,Fluvial/Marítima,Resto de América,0
2021-01,Fluvial/Marítima,Europa,0
2021-01,Fluvial/Marítima,Resto del mundo,0
2021-02,Aérea,Bolivia,2943
2021-02,Aérea,Brasil,7778
2021-02,Aérea,Chile,4916
2021-02,Aérea,Paraguay,2916
2021-02,Aérea,Uruguay,233
2021-02,Aérea,EE.UU. y Canadá,14672.1
2021-02,Aérea,Resto de América,19420.9
2021-02,Aérea,Europa,4239
2021-02,Aérea,Resto del mundo,649
2021-02,Terrestre,Bolivia,111
2021-02,Terrestre,Brasil,876
2021-02,Terrestre,Chile,864
2021-02,Terrestre,Paraguay,78
2021-02,Terrestre,Uruguay,1042
2021-02,Terrestre,EE.UU. y Canadá,0
2021-02,Terrestre,Resto de América,0
2021-02,Terrestre,Europa,0
2021-02,Terrestre,Resto del mundo,0
2021-02,Fluvial/Marítima,Bolivia,0
2021-02,Fluvial/Marítima,Brasil,0
2021-02,Fluvial/Marítima,Chile,0
2021-02,Fluvial/Marítima,Paraguay,0
2021-02,Fluvial/Marítima,Uruguay,3178
2021-02,Fluvial/Marítima,EE.UU. y Canadá,0
2021-02,Fluvial/Marítima,Resto de América,0
2021-02,Fluvial/Marítima,Europa,0
2021-02,Fluvial/Marítima,Resto del mundo,0
2021-03,Aérea,Bolivia,2656
2021-03,Aérea,Brasil,6951
2021-03,Aérea,Chile,3810
2021-03,Aérea,Paraguay,4724
2021-03,Aérea,Uruguay,270
2021-03,Aérea,EE.UU. y Canadá,10186
2021-03,Aérea,Resto de América,20166
2021-03,Aérea,Europa,3521
2021-03,Aérea,Resto del mundo,564
2021-03,Terrestre,Bolivia,165
2021-03,Terrestre,Brasil,732
2021-03,Terrestre,Chile,608
2021-03,Terrestre,Paraguay,247
2021-03,Terrestre,Uruguay,484
2021-03,Terrestre,EE.UU. y Canadá,0
2021-03,Terrestre,Resto de América,0
2021-03,Terrestre,Europa,0
2021-03,Terrestre,Resto del mundo,0
2021-03,Fluvial/Marítima,Bolivia,0
2021-03,Fluvial/Marítima,Brasil,8
2021-03,Fluvial/Marítima,Chile,0
2021-03,Fluvial/Marítima,Paraguay,0
2021-03,Fluvial/Marítima,Uruguay,4556
2021-03,Fluvial/Marítima,EE.UU. y Canadá,0
2021-03,Fluvial/Marítima,Resto de América,0
2021-03,Fluvial/Marítima,Europa,0
2021-03,Fluvial/Marítima,Resto del mundo,0
